Pinned;ID;day;time;subreddit;upvotes;caption;comments;domain;post-link;nsfw
False;thing_t3_1bg5dy5;16.03.24;12:51;MassiveTitsnAss;2;eat me;1;i.redd.it;https://www.reddit.com/r/MassiveTitsnAss/comments/1bg5dy5/eat_me/;NSFW
False;thing_t3_1bg5dlt;16.03.24;12:50;DaughterTraining;1;been trained to twerk by daddy;1;i.redd.it;https://www.reddit.com/r/DaughterTraining/comments/1bg5dlt/been_trained_to_twerk_by_daddy/;NSFW
False;thing_t3_1bg5dgs;16.03.24;12:50;iwanttobeher;3;u cant be me;1;i.redd.it;https://www.reddit.com/r/iwanttobeher/comments/1bg5dgs/u_cant_be_me/;NSFW
False;thing_t3_1bg5dgr;16.03.24;12:50;smallboobs;3;flat but yummy;1;i.redd.it;https://www.reddit.com/r/smallboobs/comments/1bg5dgr/flat_but_yummy/;NSFW
False;thing_t3_1bg5c1f;16.03.24;12:48;CamSluts;1;soapy booty;0;i.redd.it;https://www.reddit.com/r/CamSluts/comments/1bg5c1f/soapy_booty/;NSFW
False;thing_t3_1bg5bki;16.03.24;12:47;Nipples;1;put a baby in me;2;i.redd.it;https://www.reddit.com/r/Nipples/comments/1bg5bki/put_a_baby_in_me/;NSFW
False;thing_t3_1bg59p4;16.03.24;12:45;HomemadeNsfw;1;love showing off my booty;2;i.redd.it;https://www.reddit.com/r/HomemadeNsfw/comments/1bg59p4/love_showing_off_my_booty/;NSFW
False;thing_t3_1bg59fz;16.03.24;12:44;twerking;1;twerking hard;1;i.redd.it;https://www.reddit.com/r/twerking/comments/1bg59fz/twerking_hard/;NSFW
False;thing_t3_1bg59es;16.03.24;12:44;HungryButts;4;booty check;0;i.redd.it;https://www.reddit.com/r/HungryButts/comments/1bg59es/booty_check/;NSFW
False;thing_t3_1bg57oc;16.03.24;12:42;AdorableNudes;5;me opening up to you;1;i.redd.it;https://www.reddit.com/r/AdorableNudes/comments/1bg57oc/me_opening_up_to_you/;NSFW
False;thing_t3_1bg560r;16.03.24;12:39;tightdresses;8;@looking sexy;1;i.redd.it;https://www.reddit.com/r/tightdresses/comments/1bg560r/looking_sexy/;NSFW
False;thing_t3_1bg54ha;16.03.24;12:37;PerfectBody;1;showing off;1;i.redd.it;https://www.reddit.com/r/PerfectBody/comments/1bg54ha/showing_off/;NSFW
False;thing_t3_1bg53qo;16.03.24;12:36;stripgirls;4;stayin'wild;1;i.redd.it;https://www.reddit.com/r/stripgirls/comments/1bg53qo/stayinwild/;NSFW
False;thing_t3_1bg539z;16.03.24;12:35;BornToBeFucked;4;ready to hump;1;i.redd.it;https://www.reddit.com/r/BornToBeFucked/comments/1bg539z/ready_to_hump/;NSFW
False;thing_t3_1bg538w;16.03.24;12:35;boltedontits;0;Your new stepsister;1;i.redd.it;https://www.reddit.com/r/boltedontits/comments/1bg538w/your_new_stepsister/;NSFW
False;thing_t3_1bg52kc;16.03.24;12:34;lingerie;6;look at the hour glass shape;1;i.redd.it;https://www.reddit.com/r/lingerie/comments/1bg52kc/look_at_the_hour_glass_shape/;NSFW
False;thing_t3_1bg4z7s;16.03.24;12:29;JizzedToThiss;2;creampie my @ass;1;i.redd.it;https://www.reddit.com/r/JizzedToThiss/comments/1bg4z7s/creampie_my_ass/;NSFW
False;thing_t3_1bg4yxx;16.03.24;12:28;NSFWGirl;2;eat every inch of me;1;i.redd.it;https://www.reddit.com/r/NSFWGirl/comments/1bg4yxx/eat_every_inch_of_me/;NSFW
False;thing_t3_1bg4yp8;16.03.24;12:28;GirlsGW;2;slide your hands inside;1;i.redd.it;https://www.reddit.com/r/GirlsGW/comments/1bg4yp8/slide_your_hands_inside/;NSFW
False;thing_t3_1bg4ydn;16.03.24;12:27;StreetsIsWatchin;2;"ready for streetwalk ;)";0;i.redd.it;https://www.reddit.com/r/StreetsIsWatchin/comments/1bg4ydn/ready_for_streetwalk/;NSFW
False;thing_t3_1bg4vau;16.03.24;12:23;TwentyPlus;1;she bad;1;i.redd.it;https://www.reddit.com/r/TwentyPlus/comments/1bg4vau/she_bad/;NSFW
False;thing_t3_1bg4uk9;16.03.24;12:22;CamGirls;1;getting ready for cam;1;i.redd.it;https://www.reddit.com/r/CamGirls/comments/1bg4uk9/getting_ready_for_cam/;NSFW
False;thing_t3_1bg4td9;16.03.24;12:20;WhyEvenWearAnything;2;no need to wear anything;0;i.redd.it;https://www.reddit.com/r/WhyEvenWearAnything/comments/1bg4td9/no_need_to_wear_anything/;NSFW
False;thing_t3_1bg4tbd;16.03.24;12:20;B_Cups;2;play with me;2;i.redd.it;https://www.reddit.com/r/B_Cups/comments/1bg4tbd/play_with_me/;NSFW
False;thing_t3_1bg4rxb;16.03.24;12:17;RateMyNudeBody;5;(f) shaking orgasm;4;i.redd.it;https://www.reddit.com/r/RateMyNudeBody/comments/1bg4rxb/f_shaking_orgasm/;NSFW
False;thing_t3_1bg4lfo;16.03.24;12:07;The_Best_NSFW_GIFS;1;feeling and open for everybody;0;i.redd.it;https://www.reddit.com/r/The_Best_NSFW_GIFS/comments/1bg4lfo/feeling_and_open_for_everybody/;NSFW
False;thing_t3_1bg4hkk;16.03.24;12:01;TikTok_Tits;3;@new tiktok trend;1;i.redd.it;https://www.reddit.com/r/TikTok_Tits/comments/1bg4hkk/new_tiktok_trend/;NSFW
False;thing_t3_1bg4hhy;16.03.24;12:01;BabesNSFW;2;big booty babe;1;i.redd.it;https://www.reddit.com/r/BabesNSFW/comments/1bg4hhy/big_booty_babe/;NSFW
False;thing_t3_1bg4gr8;16.03.24;12:00;hotclub;1;insert dildo pls;1;i.redd.it;https://www.reddit.com/r/hotclub/comments/1bg4gr8/insert_dildo_pls/;NSFW
False;thing_t3_1bg4fqb;16.03.24;11:58;ThickChixxx;1;ready to get fck and creampied;0;i.redd.it;https://www.reddit.com/r/ThickChixxx/comments/1bg4fqb/ready_to_get_fck_and_creampied/;NSFW
False;thing_t3_1bg4e2q;16.03.24;11:55;wildpartygirls;1;@ss party with u;0;i.redd.it;https://www.reddit.com/r/wildpartygirls/comments/1bg4e2q/ss_party_with_u/;NSFW
False;thing_t3_1bg4dgj;16.03.24;11:54;thongs;2;removed that thong snd insert hmm;1;i.redd.it;https://www.reddit.com/r/thongs/comments/1bg4dgj/removed_that_thong_snd_insert_hmm/;NSFW
False;thing_t3_1bg4bw7;16.03.24;11:51;bangmybully;2;spank me hard;2;i.redd.it;https://www.reddit.com/r/bangmybully/comments/1bg4bw7/spank_me_hard/;NSFW
False;thing_t3_1bg4bvn;16.03.24;11:51;TikThots;4;new tiktok trend;1;i.redd.it;https://www.reddit.com/r/TikThots/comments/1bg4bvn/new_tiktok_trend/;NSFW
False;thing_t3_1bg4bkv;16.03.24;11:51;sluts;2;look at em wants to bounce on top of you;1;i.redd.it;https://www.reddit.com/r/sluts/comments/1bg4bkv/look_at_em_wants_to_bounce_on_top_of_you/;NSFW
False;thing_t3_1bg4a2c;16.03.24;11:48;GonewildGBUK;6;lets get wild;3;i.redd.it;https://www.reddit.com/r/GonewildGBUK/comments/1bg4a2c/lets_get_wild/;NSFW
False;thing_t3_1bg48ic;16.03.24;11:45;TotalBabes;1;in need of spanking;2;i.redd.it;https://www.reddit.com/r/TotalBabes/comments/1bg48ic/in_need_of_spanking/;NSFW
False;thing_t3_1bg48bt;16.03.24;11:45;collegensfw;4;hope ya like my outfit;0;i.redd.it;https://www.reddit.com/r/collegensfw/comments/1bg48bt/hope_ya_like_my_outfit/;NSFW
False;thing_t3_1bg483m;16.03.24;11:45;PawgLove;4;watch em bounce;0;i.redd.it;https://www.reddit.com/r/PawgLove/comments/1bg483m/watch_em_bounce/;NSFW
False;thing_t3_1bg46vm;16.03.24;11:43;gymgirls;4;pre-workout routine;0;i.redd.it;https://www.reddit.com/r/gymgirls/comments/1bg46vm/preworkout_routine/;NSFW
False;thing_t3_1bfktq0;15.03.24;18:27;boobs;9;cum all over me;1;i.redd.it;https://www.reddit.com/r/boobs/comments/1bfktq0/cum_all_over_me/;NSFW
False;thing_t3_1bfktpi;15.03.24;18:27;Slut;3;@morning daddy;1;i.redd.it;https://www.reddit.com/r/Slut/comments/1bfktpi/morning_daddy/;NSFW
False;thing_t3_1bfkrum;15.03.24;18:25;dirtysmall;1;get fcked;1;i.redd.it;https://www.reddit.com/r/dirtysmall/comments/1bfkrum/get_fcked/;NSFW
False;thing_t3_1bfkrjt;15.03.24;18:25;xsmallgirls;5;xsmall right;1;i.redd.it;https://www.reddit.com/r/xsmallgirls/comments/1bfkrjt/xsmall_right/;NSFW
False;thing_t3_1bfkrc6;15.03.24;18:25;AsianHotties;1;not asian butt hot;0;i.redd.it;https://www.reddit.com/r/AsianHotties/comments/1bfkrc6/not_asian_butt_hot/;NSFW
False;thing_t3_1bfkrbb;15.03.24;18:25;DadWouldBeProud;7;trained by daddy;1;i.redd.it;https://www.reddit.com/r/DadWouldBeProud/comments/1bfkrbb/trained_by_daddy/;NSFW
False;thing_t3_1bfkraf;15.03.24;18:25;18_19;2;baby girl looking for daddy;0;i.redd.it;https://www.reddit.com/r/18_19/comments/1bfkraf/baby_girl_looking_for_daddy/;NSFW
False;thing_t3_1bfkr7e;15.03.24;18:25;BigBoobsGW;1;booby wanna get verified;1;i.redd.it;https://www.reddit.com/r/BigBoobsGW/comments/1bfkr7e/booby_wanna_get_verified/;NSFW
False;thing_t3_1bfkr6t;15.03.24;18:24;ThickThighs;1;thick butt sure ucan carry me;1;i.redd.it;https://www.reddit.com/r/ThickThighs/comments/1bfkr6t/thick_butt_sure_ucan_carry_me/;NSFW
False;thing_t3_1bfkqrg;15.03.24;18:24;slutsofsnapchat;2;@snapass;2;i.redd.it;https://www.reddit.com/r/slutsofsnapchat/comments/1bfkqrg/snapass/;NSFW
False;thing_t3_1bfkkz1;15.03.24;18:17;naturaltitties;6;very natura and home made;0;i.redd.it;https://www.reddit.com/r/naturaltitties/comments/1bfkkz1/very_natura_and_home_made/;NSFW
False;thing_t3_1bfkdjq;15.03.24;18:08;SmallCutie;3;small enough to toss andfcked;1;i.redd.it;https://www.reddit.com/r/SmallCutie/comments/1bfkdjq/small_enough_to_toss_andfcked/;NSFW
False;thing_t3_1bfkaz1;15.03.24;18:05;DaughterTraining;2;well trained by daddy;1;i.redd.it;https://www.reddit.com/r/DaughterTraining/comments/1bfkaz1/well_trained_by_daddy/;NSFW
False;thing_t3_1bfkaxi;15.03.24;18:05;CamSluts;2;cum cum in my ass;1;i.redd.it;https://www.reddit.com/r/CamSluts/comments/1bfkaxi/cum_cum_in_my_ass/;NSFW
False;thing_t3_1bfkab6;15.03.24;18:04;iwanttobeher;4;u cant be me, im hotter;1;i.redd.it;https://www.reddit.com/r/iwanttobeher/comments/1bfkab6/u_cant_be_me_im_hotter/;NSFW
False;thing_t3_1bfka4f;15.03.24;18:04;smallboobs;5;grab my boobies;0;i.redd.it;https://www.reddit.com/r/smallboobs/comments/1bfka4f/grab_my_boobies/;NSFW
False;thing_t3_1bfk9ws;15.03.24;18:04;AdorableNudes;3;let me know if u wanna seemore;2;i.redd.it;https://www.reddit.com/r/AdorableNudes/comments/1bfk9ws/let_me_know_if_u_wanna_seemore/;NSFW
False;thing_t3_1bfk3xq;15.03.24;17:57;Nipples;3;"pink nipples wanna see ;)";2;i.redd.it;https://www.reddit.com/r/Nipples/comments/1bfk3xq/pink_nipples_wanna_see/;NSFW
False;thing_t3_1bfk37y;15.03.24;17:56;HomemadeNsfw;2;natural;1;i.redd.it;https://www.reddit.com/r/HomemadeNsfw/comments/1bfk37y/natural/;NSFW
False;thing_t3_1bfk34j;15.03.24;17:56;twerking;2;wanna keep bouncing;1;i.redd.it;https://www.reddit.com/r/twerking/comments/1bfk34j/wanna_keep_bouncing/;NSFW
False;thing_t3_1bfk30e;15.03.24;17:56;HungryButts;3;craving for spanking;0;i.redd.it;https://www.reddit.com/r/HungryButts/comments/1bfk30e/craving_for_spanking/;NSFW
False;thing_t3_1bfk2w3;15.03.24;17:56;tightdresses;4;im tight look;1;i.redd.it;https://www.reddit.com/r/tightdresses/comments/1bfk2w3/im_tight_look/;NSFW
False;thing_t3_1bfjxqn;15.03.24;17:50;boltedontits;1;ooopsss;2;i.redd.it;https://www.reddit.com/r/boltedontits/comments/1bfjxqn/ooopsss/;NSFW
False;thing_t3_1bfjw6h;15.03.24;17:48;PerfectBody;1;hope to u have a bootiful day;1;i.redd.it;https://www.reddit.com/r/PerfectBody/comments/1bfjw6h/hope_to_u_have_a_bootiful_day/;NSFW
False;thing_t3_1bfjus9;15.03.24;17:46;BornToBeFucked;5;wanna get fcked rn;0;i.redd.it;https://www.reddit.com/r/BornToBeFucked/comments/1bfjus9/wanna_get_fcked_rn/;NSFW
False;thing_t3_1bfjul1;15.03.24;17:46;lingerie;14;ready to get laid;3;i.redd.it;https://www.reddit.com/r/lingerie/comments/1bfjul1/ready_to_get_laid/;NSFW
False;thing_t3_1bfjpau;15.03.24;17:40;stripgirls;10;strip them off;1;i.redd.it;https://www.reddit.com/r/stripgirls/comments/1bfjpau/strip_them_off/;NSFW
False;thing_t3_1bfjnri;15.03.24;17:38;JizzedToThiss;2;jizzed on me;1;i.redd.it;https://www.reddit.com/r/JizzedToThiss/comments/1bfjnri/jizzed_on_me/;NSFW
False;thing_t3_1bfjnqp;15.03.24;17:38;NSFWGirl;2;"not safe for u to see this ;)";1;i.redd.it;https://www.reddit.com/r/NSFWGirl/comments/1bfjnqp/not_safe_for_u_to_see_this/;NSFW
False;thing_t3_1bfjnpy;15.03.24;17:38;Nsfw_Amateurs;2;look at that;1;i.redd.it;https://www.reddit.com/r/Nsfw_Amateurs/comments/1bfjnpy/look_at_that/;NSFW
False;thing_t3_1bfjnny;15.03.24;17:38;PetiteTits;1;not so petite;1;i.redd.it;https://www.reddit.com/r/PetiteTits/comments/1bfjnny/not_so_petite/;NSFW
False;thing_t3_1bfjnmo;15.03.24;17:38;WhiteCheeks;1;cheeky enuf fck;1;i.redd.it;https://www.reddit.com/r/WhiteCheeks/comments/1bfjnmo/cheeky_enuf_fck/;NSFW
False;thing_t3_1bfjngu;15.03.24;17:38;StreetsIsWatchin;2;see me bouncing;0;i.redd.it;https://www.reddit.com/r/StreetsIsWatchin/comments/1bfjngu/see_me_bouncing/;NSFW
False;thing_t3_1bfjlrb;15.03.24;17:36;CamGirls;1;new cam ghorl;1;i.redd.it;https://www.reddit.com/r/CamGirls/comments/1bfjlrb/new_cam_ghorl/;NSFW
False;thing_t3_1bfjlcv;15.03.24;17:35;AmazingCurves;1;hows that curvy;1;i.redd.it;https://www.reddit.com/r/AmazingCurves/comments/1bfjlcv/hows_that_curvy/;NSFW
False;thing_t3_1bfjl6b;15.03.24;17:35;RateMyNudeBody;6;rate me (f);5;i.redd.it;https://www.reddit.com/r/RateMyNudeBody/comments/1bfjl6b/rate_me_f/;NSFW
False;thing_t3_1bfjjzw;15.03.24;17:34;GirlsGW;1;im hot to make u hard;2;i.redd.it;https://www.reddit.com/r/GirlsGW/comments/1bfjjzw/im_hot_to_make_u_hard/;NSFW
False;thing_t3_1bfjjq9;15.03.24;17:33;B_Cups;2;b cup;1;i.redd.it;https://www.reddit.com/r/B_Cups/comments/1bfjjq9/b_cup/;NSFW
False;thing_t3_1bfjjo8;15.03.24;17:33;TwentyPlus;1;am i looking 20?;1;i.redd.it;https://www.reddit.com/r/TwentyPlus/comments/1bfjjo8/am_i_looking_20/;NSFW
False;thing_t3_1bfjjlv;15.03.24;17:33;The_Best_NSFW_GIFS;1;bounce bounce;0;i.redd.it;https://www.reddit.com/r/The_Best_NSFW_GIFS/comments/1bfjjlv/bounce_bounce/;NSFW
False;thing_t3_1bfjgom;15.03.24;17:30;WhyEvenWearAnything;4;rate it;0;i.redd.it;https://www.reddit.com/r/WhyEvenWearAnything/comments/1bfjgom/rate_it/;NSFW
False;thing_t3_1bfjcd9;15.03.24;17:25;TikTok_Tits;0;@jiggly booty;2;i.redd.it;https://www.reddit.com/r/TikTok_Tits/comments/1bfjcd9/jiggly_booty/;SFW
False;thing_t3_1bfj84e;15.03.24;17:20;BabesNSFW;2;lemme be ur babe;1;i.redd.it;https://www.reddit.com/r/BabesNSFW/comments/1bfj84e/lemme_be_ur_babe/;NSFW
False;thing_t3_1bfj19e;15.03.24;17:12;hotclub;5;hawt and loud;1;i.redd.it;https://www.reddit.com/r/hotclub/comments/1bfj19e/hawt_and_loud/;NSFW
False;thing_t3_1bfj0bz;15.03.24;17:11;thongs;2;loving tat thongs;1;i.redd.it;https://www.reddit.com/r/thongs/comments/1bfj0bz/loving_tat_thongs/;NSFW
False;thing_t3_1bfj08s;15.03.24;17:11;wildpartygirls;72;wearing this on part and jiggly booty;1;i.redd.it;https://www.reddit.com/r/wildpartygirls/comments/1bfj08s/wearing_this_on_part_and_jiggly_booty/;NSFW
False;thing_t3_1bfizul;15.03.24;17:10;SchoolGirlSkirts;3;dont have skirt,gimme one;0;i.redd.it;https://www.reddit.com/r/SchoolGirlSkirts/comments/1bfizul/dont_have_skirtgimme_one/;NSFW
False;thing_t3_1bfix85;15.03.24;17:07;ThickChixxx;3;verythicc;0;i.redd.it;https://www.reddit.com/r/ThickChixxx/comments/1bfix85/verythicc/;NSFW
False;thing_t3_1bfitdl;15.03.24;17:02;TikThots;1;@tiktok look at booty;1;i.redd.it;https://www.reddit.com/r/TikThots/comments/1bfitdl/tiktok_look_at_booty/;NSFW
False;thing_t3_1bfirbj;15.03.24;17:00;bangmybully;1;bang me daddy;1;i.redd.it;https://www.reddit.com/r/bangmybully/comments/1bfirbj/bang_me_daddy/;NSFW
False;thing_t3_1bfio4v;15.03.24;16:56;sluts;1;feeling sluty;0;i.redd.it;https://www.reddit.com/r/sluts/comments/1bfio4v/feeling_sluty/;NSFW
False;thing_t3_1bfinti;15.03.24;16:56;HotStuffNSFW;2;filled me hotstuff;1;i.redd.it;https://www.reddit.com/r/HotStuffNSFW/comments/1bfinti/filled_me_hotstuff/;NSFW
False;thing_t3_1bfim75;15.03.24;16:54;GonewildGBUK;9;lez gone wild;2;i.redd.it;https://www.reddit.com/r/GonewildGBUK/comments/1bfim75/lez_gone_wild/;NSFW
False;thing_t3_1bfijr4;15.03.24;16:51;TotalBabes;1;your babe;1;i.redd.it;https://www.reddit.com/r/TotalBabes/comments/1bfijr4/your_babe/;NSFW
False;thing_t3_1bfijlk;15.03.24;16:51;gymgirls;8;lez workout this booty;1;i.redd.it;https://www.reddit.com/r/gymgirls/comments/1bfijlk/lez_workout_this_booty/;NSFW
False;thing_t3_1bfiil9;15.03.24;16:50;collegensfw;4;after college;0;i.redd.it;https://www.reddit.com/r/collegensfw/comments/1bfiil9/after_college/;NSFW
False;thing_t3_1bfiihh;15.03.24;16:50;onlynudechicks;1;get in between my thong;1;i.redd.it;https://www.reddit.com/r/onlynudechicks/comments/1bfiihh/get_in_between_my_thong/;NSFW
False;thing_t3_1bfbakc;15.03.24;11:01;GoneErotic;9;bewild;1;i.redd.it;https://www.reddit.com/r/GoneErotic/comments/1bfbakc/bewild/;NSFW
False;thing_t3_1bfbahp;15.03.24;11:01;Adorable_Girls;7;cum over here <3;0;i.redd.it;https://www.reddit.com/r/Adorable_Girls/comments/1bfbahp/cum_over_here_3/;NSFW
False;thing_t3_1bfbagr;15.03.24;11:01;Unashamed;3;wanna twerk and jigle till u cum;2;i.redd.it;https://www.reddit.com/r/Unashamed/comments/1bfbagr/wanna_twerk_and_jigle_till_u_cum/;NSFW
False;thing_t3_1bfbae8;15.03.24;11:01;Sexy_Asians;3;if you have a crush on me you deserve a booty reward;2;i.redd.it;https://www.reddit.com/r/Sexy_Asians/comments/1bfbae8/if_you_have_a_crush_on_me_you_deserve_a_booty/;NSFW
False;thing_t3_1bfbacv;15.03.24;11:01;STAWG;2;would u cum over?;1;i.redd.it;https://www.reddit.com/r/STAWG/comments/1bfbacv/would_u_cum_over/;NSFW
False;thing_t3_1bfb9xe;15.03.24;11:00;JustHotWomen;2;would u take me as your baby?;2;i.redd.it;https://www.reddit.com/r/JustHotWomen/comments/1bfb9xe/would_u_take_me_as_your_baby/;NSFW
False;thing_t3_1bfb9ub;15.03.24;11:00;TikTok_Ass;12;@ss;2;i.redd.it;https://www.reddit.com/r/TikTok_Ass/comments/1bfb9ub/ss/;NSFW
False;thing_t3_1bfb9t7;15.03.24;11:00;BBW_Chubby;1;say one word about my body;1;i.redd.it;https://www.reddit.com/r/BBW_Chubby/comments/1bfb9t7/say_one_word_about_my_body/;NSFW
False;thing_t3_1bfb8ht;15.03.24;10:58;FantasticBreasts;5;front?;1;i.redd.it;https://www.reddit.com/r/FantasticBreasts/comments/1bfb8ht/front/;NSFW
False;thing_t3_1bfb8fz;15.03.24;10:58;slightcellulite;117;one word to describe me;10;i.redd.it;https://www.reddit.com/r/slightcellulite/comments/1bfb8fz/one_word_to_describe_me/;NSFW
False;thing_t3_1bfb75i;15.03.24;10:55;brunette;4;what did u notice;3;i.redd.it;https://www.reddit.com/r/brunette/comments/1bfb75i/what_did_u_notice/;NSFW
False;thing_t3_1bfb66e;15.03.24;10:53;MirrorSelfie;1;your package has arrived;1;i.redd.it;https://www.reddit.com/r/MirrorSelfie/comments/1bfb66e/your_package_has_arrived/;NSFW
False;thing_t3_1bfb5zs;15.03.24;10:53;InstagramHotties;10;@creampie me on this pose;4;i.redd.it;https://www.reddit.com/r/InstagramHotties/comments/1bfb5zs/creampie_me_on_this_pose/;NSFW
False;thing_t3_1bfb4s4;15.03.24;10:51;BestTits;4;having fun infront of the mirror;0;i.redd.it;https://www.reddit.com/r/BestTits/comments/1bfb4s4/having_fun_infront_of_the_mirror/;NSFW
False;thing_t3_1bfb310;15.03.24;10:48;hugeasses;6;"fck my ass pls ;(";2;i.redd.it;https://www.reddit.com/r/hugeasses/comments/1bfb310/fck_my_ass_pls/;NSFW
False;thing_t3_1bfb1zw;15.03.24;10:46;LegalCollegeGirls;2;feeling hornyafter shower;0;i.redd.it;https://www.reddit.com/r/LegalCollegeGirls/comments/1bfb1zw/feeling_hornyafter_shower/;NSFW
False;thing_t3_1bfb10a;15.03.24;10:44;TheOnesYouLustOver;5;did i make u hard?;0;i.redd.it;https://www.reddit.com/r/TheOnesYouLustOver/comments/1bfb10a/did_i_make_u_hard/;NSFW
False;thing_t3_1bfb0ts;15.03.24;10:43;NSFW_Hardbodies;15;stretching my bootyful body;0;i.redd.it;https://www.reddit.com/r/NSFW_Hardbodies/comments/1bfb0ts/stretching_my_bootyful_body/;NSFW
False;thing_t3_1bfb0tb;15.03.24;10:43;Babygirl;3;looking for cutie with nice ass? thats me daddy;0;i.redd.it;https://www.reddit.com/r/Babygirl/comments/1bfb0tb/looking_for_cutie_with_nice_ass_thats_me_daddy/;NSFW
False;thing_t3_1bfazvs;15.03.24;10:42;CreampieMaterial;1;I wanna get creampied;2;i.redd.it;https://www.reddit.com/r/CreampieMaterial/comments/1bfazvs/i_wanna_get_creampied/;NSFW
False;thing_t3_1bfazaq;15.03.24;10:41;BigBootyPorn;5;spank and breed me from behind plz;0;i.redd.it;https://www.reddit.com/r/BigBootyPorn/comments/1bfazaq/spank_and_breed_me_from_behind_plz/;NSFW
False;thing_t3_1bfaz77;15.03.24;10:40;Thighs;11;"your reward has arrive ;)";0;i.redd.it;https://www.reddit.com/r/Thighs/comments/1bfaz77/your_reward_has_arrive/;NSFW
False;thing_t3_1bfaxhr;15.03.24;10:37;full_nsfw;4;need my ass to get eaten;1;i.redd.it;https://www.reddit.com/r/full_nsfw/comments/1bfaxhr/need_my_ass_to_get_eaten/;NSFW
False;thing_t3_1bfaxdu;15.03.24;10:37;ExtraSmall;2;do i need to remove them?;2;i.redd.it;https://www.reddit.com/r/ExtraSmall/comments/1bfaxdu/do_i_need_to_remove_them/;NSFW
False;thing_t3_1bfaxd5;15.03.24;10:37;BreedMeDaddy;3;daddy u likeme;2;i.redd.it;https://www.reddit.com/r/BreedMeDaddy/comments/1bfaxd5/daddy_u_likeme/;NSFW
False;thing_t3_1bfav02;15.03.24;10:33;WideHipsNSFW;19;please rate my hips,,10?;6;i.redd.it;https://www.reddit.com/r/WideHipsNSFW/comments/1bfav02/please_rate_my_hips10/;NSFW
False;thing_t3_1bfasq0;15.03.24;10:29;DressedAndUndressed;13;help me get undress;1;i.redd.it;https://www.reddit.com/r/DressedAndUndressed/comments/1bfasq0/help_me_get_undress/;NSFW
False;thing_t3_1bfaspn;15.03.24;10:29;LegalTeens_;5;wd you fuck me?;1;i.redd.it;https://www.reddit.com/r/LegalTeens_/comments/1bfaspn/wd_you_fuck_me/;NSFW
False;thing_t3_1bfask8;15.03.24;10:29;SluttyMaterial;3;fvckable;1;i.redd.it;https://www.reddit.com/r/SluttyMaterial/comments/1bfask8/fvckable/;NSFW
False;thing_t3_1bfasin;15.03.24;10:29;PerfectTits;9;clothes or fully naked?;1;i.redd.it;https://www.reddit.com/r/PerfectTits/comments/1bfasin/clothes_or_fully_naked/;NSFW
False;thing_t3_1bfasbk;15.03.24;10:28;RateMyAss;6;slutty me wanna get ass fck;5;i.redd.it;https://www.reddit.com/r/RateMyAss/comments/1bfasbk/slutty_me_wanna_get_ass_fck/;NSFW
False;thing_t3_1bfas41;15.03.24;10:28;ThickchicksGW;1;hope u get hard;0;i.redd.it;https://www.reddit.com/r/ThickchicksGW/comments/1bfas41/hope_u_get_hard/;NSFW
False;thing_t3_1bfarph;15.03.24;10:27;webcamgirlsnsfw;2;daddy am i being too revealing? :(;0;i.redd.it;https://www.reddit.com/r/webcamgirlsnsfw/comments/1bfarph/daddy_am_i_being_too_revealing/;NSFW
False;thing_t3_1bfaqba;15.03.24;10:25;sensualcurves;2;damn that curves;1;i.redd.it;https://www.reddit.com/r/sensualcurves/comments/1bfaqba/damn_that_curves/;NSFW
False;thing_t3_1bfaq66;15.03.24;10:25;2Booty;0;wanna see my asshole?;1;i.redd.it;https://www.reddit.com/r/2Booty/comments/1bfaq66/wanna_see_my_asshole/;NSFW
False;thing_t3_1bfao8y;15.03.24;10:21;Booty_Lovers;2;ur newfuckbuddy;0;i.redd.it;https://www.reddit.com/r/Booty_Lovers/comments/1bfao8y/ur_newfuckbuddy/;NSFW
False;thing_t3_1bfao8c;15.03.24;10:21;2Booty;0;is my booty enough?;6;i.redd.it;https://www.reddit.com/r/2Booty/comments/1bfao8c/is_my_booty_enough/;NSFW
False;thing_t3_1bfao0n;15.03.24;10:21;sensualcurves;5;can u tell i have sexy curves with this?;0;i.redd.it;https://www.reddit.com/r/sensualcurves/comments/1bfao0n/can_u_tell_i_have_sexy_curves_with_this/;NSFW
False;thing_t3_1bfamjz;15.03.24;10:18;cutegirlsgw;2;what a damn ass;1;i.redd.it;https://www.reddit.com/r/cutegirlsgw/comments/1bfamjz/what_a_damn_ass/;NSFW
False;thing_t3_1bfam47;15.03.24;10:17;RateMyAss_;2;"did my booty make u hard? ;)";3;i.redd.it;https://www.reddit.com/r/RateMyAss_/comments/1bfam47/did_my_booty_make_u_hard/;NSFW
False;thing_t3_1bfalbv;15.03.24;10:16;Wifebutt;9;wifebutt;2;i.redd.it;https://www.reddit.com/r/Wifebutt/comments/1bfalbv/wifebutt/;NSFW
False;thing_t3_1bfalaz;15.03.24;10:15;YourPornAddiction;4;look how they jiggle;0;i.redd.it;https://www.reddit.com/r/YourPornAddiction/comments/1bfalaz/look_how_they_jiggle/;NSFW
False;thing_t3_1bfago9;15.03.24;10:07;PAWGPornVids;48;feeling horny rn;1;i.redd.it;https://www.reddit.com/r/PAWGPornVids/comments/1bfago9/feeling_horny_rn/;NSFW
False;thing_t3_1bfaghq;15.03.24;10:07;QOS;1;would u fvck me with this outfit?;0;i.redd.it;https://www.reddit.com/r/QOS/comments/1bfaghq/would_u_fvck_me_with_this_outfit/;NSFW
False;thing_t3_1bfaggq;15.03.24;10:07;FreeOnlyFansPromotion;1;you be wanting this booty;1;i.redd.it;https://www.reddit.com/r/FreeOnlyFansPromotion/comments/1bfaggq/you_be_wanting_this_booty/;NSFW
False;thing_t3_1bfafrz;15.03.24;10:05;YoungBabes;2;"lets have happy ending ;)";2;i.redd.it;https://www.reddit.com/r/YoungBabes/comments/1bfafrz/lets_have_happy_ending/;NSFW
False;thing_t3_1bfaflv;15.03.24;10:05;thatBounce;2;can i get your attention with my ass?;0;i.redd.it;https://www.reddit.com/r/thatBounce/comments/1bfaflv/can_i_get_your_attention_with_my_ass/;NSFW
False;thing_t3_1bfadqp;15.03.24;10:02;GymPawg;18;fill my booty;0;i.redd.it;https://www.reddit.com/r/GymPawg/comments/1bfadqp/fill_my_booty/;SFW
False;thing_t3_1bfact9;15.03.24;10:00;GymGirlsNSFW;5;fvck me before workout;1;i.redd.it;https://www.reddit.com/r/GymGirlsNSFW/comments/1bfact9/fvck_me_before_workout/;NSFW
False;thing_t3_1bfabtr;15.03.24;09:58;BadandBoujeeBitches;16;say hey and get to see more of me;0;i.redd.it;https://www.reddit.com/r/BadandBoujeeBitches/comments/1bfabtr/say_hey_and_get_to_see_more_of_me/;NSFW
False;thing_t3_1bfabgj;15.03.24;09:58;realHomemade;3;Drop a HI if you like the jiggle;1;i.redd.it;https://www.reddit.com/r/realHomemade/comments/1bfabgj/drop_a_hi_if_you_like_the_jiggle/;NSFW
False;thing_t3_1bfaaba;15.03.24;09:55;NSFWNextDoorGirls;3;what would u do if i am your neighbor;1;i.redd.it;https://www.reddit.com/r/NSFWNextDoorGirls/comments/1bfaaba/what_would_u_do_if_i_am_your_neighbor/;NSFW
False;thing_t3_1bfa9d1;15.03.24;09:53;GirlsShapedLikeMewtwo;10;wanna get WRECKED;0;i.redd.it;https://www.reddit.com/r/GirlsShapedLikeMewtwo/comments/1bfa9d1/wanna_get_wrecked/;NSFW
False;thing_t3_1bfa9ao;15.03.24;09:53;PerkyButts;1;but(t) first lemme flex;0;i.redd.it;https://www.reddit.com/r/PerkyButts/comments/1bfa9ao/butt_first_lemme_flex/;NSFW
False;thing_t3_1bfa8q8;15.03.24;09:52;90sTits;0;what if im a 90s model;2;i.redd.it;https://www.reddit.com/r/90sTits/comments/1bfa8q8/what_if_im_a_90s_model/;NSFW
False;thing_t3_1bfa7f9;15.03.24;09:50;OnlyNaturalBoobs;2;peeping boobie, wanna see more?;0;i.redd.it;https://www.reddit.com/r/OnlyNaturalBoobs/comments/1bfa7f9/peeping_boobie_wanna_see_more/;NSFW
False;thing_t3_1bfa750;15.03.24;09:49;beautifulbutt;7;need some spanking ^^;0;i.redd.it;https://www.reddit.com/r/beautifulbutt/comments/1bfa750/need_some_spanking/;NSFW
False;thing_t3_1bfa64g;15.03.24;09:47;NSFWMassive;1;"wanna have fun tonight?;)";1;i.redd.it;https://www.reddit.com/r/NSFWMassive/comments/1bfa64g/wanna_have_fun_tonight/;NSFW
False;thing_t3_1bfa4zn;15.03.24;09:45;AssBootyButt;1;would u slap my butt?;0;i.redd.it;https://www.reddit.com/r/AssBootyButt/comments/1bfa4zn/would_u_slap_my_butt/;NSFW
False;thing_t3_1bfa4z2;15.03.24;09:45;reallygorgeous;5;"feelinghot ;)";1;i.redd.it;https://www.reddit.com/r/reallygorgeous/comments/1bfa4z2/feelinghot/;SFW
False;thing_t3_1bfa4oa;15.03.24;09:44;FantasticTits;1;what comes to your mind when u see my boobs?;0;i.redd.it;https://www.reddit.com/r/FantasticTits/comments/1bfa4oa/what_comes_to_your_mind_when_u_see_my_boobs/;NSFW
False;thing_t3_1bfa4fk;15.03.24;09:44;Fit_babes;2;flex before work out;0;i.redd.it;https://www.reddit.com/r/Fit_babes/comments/1bfa4fk/flex_before_work_out/;SFW
False;thing_t3_1bfa3ss;15.03.24;09:42;needyass;2;"best of booty baby;)";1;i.redd.it;https://www.reddit.com/r/needyass/comments/1bfa3ss/best_of_booty_baby/;NSFW
False;thing_t3_1bfa3qs;15.03.24;09:42;Thick_Ladies;1;these booty are very soft, lemme know if you wanna touch it :P;0;i.redd.it;https://www.reddit.com/r/Thick_Ladies/comments/1bfa3qs/these_booty_are_very_soft_lemme_know_if_you_wanna/;NSFW
False;thing_t3_1bfa3e4;15.03.24;09:42;PrettyWomen;1;have a bootiful day;0;i.redd.it;https://www.reddit.com/r/PrettyWomen/comments/1bfa3e4/have_a_bootiful_day/;NSFW
False;thing_t3_1bfa3dp;15.03.24;09:41;CamGirls_all;1;all yours to explore;1;i.redd.it;https://www.reddit.com/r/CamGirls_all/comments/1bfa3dp/all_yours_to_explore/;NSFW
False;thing_t3_1bfa35a;15.03.24;09:41;TinyCuteTeen;2;let me know your butt impression;1;i.redd.it;https://www.reddit.com/r/TinyCuteTeen/comments/1bfa35a/let_me_know_your_butt_impression/;NSFW
False;thing_t3_1bfa2om;15.03.24;09:40;AdorableBoobs;1;Do you think i deserve spanking?;0;i.redd.it;https://www.reddit.com/r/AdorableBoobs/comments/1bfa2om/do_you_think_i_deserve_spanking/;NSFW
False;thing_t3_1bfa2ik;15.03.24;09:40;BeautifulBigButts;6;u can insert it deep;0;i.redd.it;https://www.reddit.com/r/BeautifulBigButts/comments/1bfa2ik/u_can_insert_it_deep/;NSFW
False;thing_t3_1bfa1yh;15.03.24;09:39;bootyqueens;2;im a bootyqueen;1;i.redd.it;https://www.reddit.com/r/bootyqueens/comments/1bfa1yh/im_a_bootyqueen/;NSFW
False;thing_t3_1bfa1ge;15.03.24;09:38;schoolgirlsluts;1;"before getting ready to school, i need some smacking ;)";1;i.redd.it;https://www.reddit.com/r/schoolgirlsluts/comments/1bfa1ge/before_getting_ready_to_school_i_need_some/;NSFW
False;thing_t3_1bfa19z;15.03.24;09:37;NSFW_petite_babes;2;just look at this masterpiece;0;i.redd.it;https://www.reddit.com/r/NSFW_petite_babes/comments/1bfa19z/just_look_at_this_masterpiece/;NSFW
False;thing_t3_1bfa168;15.03.24;09:37;ASSgazer;2;let me know if you wanna get in between of my @ss;0;i.redd.it;https://www.reddit.com/r/ASSgazer/comments/1bfa168/let_me_know_if_you_wanna_get_in_between_of_my_ss/;NSFW
False;thing_t3_1bf9x9x;15.03.24;09:29;SmalGirlsbigasses;16;would you smack it?;0;i.redd.it;https://www.reddit.com/r/SmalGirlsbigasses/comments/1bf9x9x/would_you_smack_it/;NSFW
False;thing_t3_1bepsd1;14.03.24;16:49;nsfw;0;recommend booty workout;2;i.redd.it;https://www.reddit.com/r/nsfw/comments/1bepsd1/recommend_booty_workout/;NSFW
False;thing_t3_1bepsce;14.03.24;16:49;nsfw;0;recommend booty workout;1;i.redd.it;https://www.reddit.com/r/nsfw/comments/1bepsce/recommend_booty_workout/;NSFW
False;thing_t3_1bepm27;14.03.24;16:41;boobs;2;Bon appetite sir!boobies on menu;0;i.redd.it;https://www.reddit.com/r/boobs/comments/1bepm27/bon_appetite_sirboobies_on_menu/;NSFW
False;thing_t3_1beph82;14.03.24;16:36;xsmallgirls;1;i want to send photo of mine to strangers;1;i.redd.it;https://www.reddit.com/r/xsmallgirls/comments/1beph82/i_want_to_send_photo_of_mine_to_strangers/;NSFW
False;thing_t3_1beph68;14.03.24;16:36;barelylegalteens;1;can be legally get spanked;1;i.redd.it;https://www.reddit.com/r/barelylegalteens/comments/1beph68/can_be_legally_get_spanked/;NSFW
False;thing_t3_1beph44;14.03.24;16:36;DadWouldBeProud;3;i hope i made u proud daddy;2;i.redd.it;https://www.reddit.com/r/DadWouldBeProud/comments/1beph44/i_hope_i_made_u_proud_daddy/;NSFW
False;thing_t3_1bepgzh;14.03.24;16:35;ThickThighs;4;bend me over ^^;2;i.redd.it;https://www.reddit.com/r/ThickThighs/comments/1bepgzh/bend_me_over/;NSFW
False;thing_t3_1bepeax;14.03.24;16:32;naturaltitties;1;natural is always better;1;i.redd.it;https://www.reddit.com/r/naturaltitties/comments/1bepeax/natural_is_always_better/;NSFW
False;thing_t3_1bepcdk;14.03.24;16:30;SmallCutie;1;make me yourbaby;1;i.redd.it;https://www.reddit.com/r/SmallCutie/comments/1bepcdk/make_me_yourbaby/;NSFW
False;thing_t3_1bep8vp;14.03.24;16:26;homemadexxx;2;feeling bored at home, plsy with my ass;1;i.redd.it;https://www.reddit.com/r/homemadexxx/comments/1bep8vp/feeling_bored_at_home_plsy_with_my_ass/;NSFW
False;thing_t3_1bep6rr;14.03.24;16:24;smallboobs;3;peek a boobies ^^;0;i.redd.it;https://www.reddit.com/r/smallboobs/comments/1bep6rr/peek_a_boobies/;NSFW
False;thing_t3_1bep5il;14.03.24;16:22;DaughterTraining;1;let's workout!;1;i.redd.it;https://www.reddit.com/r/DaughterTraining/comments/1bep5il/lets_workout/;NSFW
False;thing_t3_1bep3u6;14.03.24;16:20;CamSluts;1;eat my ass, and call me baby;0;i.redd.it;https://www.reddit.com/r/CamSluts/comments/1bep3u6/eat_my_ass_and_call_me_baby/;NSFW
False;thing_t3_1bep11s;14.03.24;16:17;AdorableNudes;3;craving to see more;1;i.redd.it;https://www.reddit.com/r/AdorableNudes/comments/1bep11s/craving_to_see_more/;NSFW
False;thing_t3_1bep0yc;14.03.24;16:17;HomemadeNsfw;4;wanna see more of it?;2;i.redd.it;https://www.reddit.com/r/HomemadeNsfw/comments/1bep0yc/wanna_see_more_of_it/;NSFW
False;thing_t3_1bep0w1;14.03.24;16:17;Nipples;1;pinky nipple;2;i.redd.it;https://www.reddit.com/r/Nipples/comments/1bep0w1/pinky_nipple/;NSFW
False;thing_t3_1beox9a;14.03.24;16:13;twerking;2;teach me how to twerk;1;i.redd.it;https://www.reddit.com/r/twerking/comments/1beox9a/teach_me_how_to_twerk/;NSFW
False;thing_t3_1beotpr;14.03.24;16:09;tightdresses;3;my butt looks so juicy, do u agree;1;i.redd.it;https://www.reddit.com/r/tightdresses/comments/1beotpr/my_butt_looks_so_juicy_do_u_agree/;NSFW
False;thing_t3_1beope6;14.03.24;16:04;PerfectBody;1;is my body perfect enough?;1;i.redd.it;https://www.reddit.com/r/PerfectBody/comments/1beope6/is_my_body_perfect_enough/;NSFW
False;thing_t3_1beog1v;14.03.24;15:53;BornToBeFucked;1;undress and lets get laid;1;i.redd.it;https://www.reddit.com/r/BornToBeFucked/comments/1beog1v/undress_and_lets_get_laid/;NSFW
False;thing_t3_1beobu4;14.03.24;15:48;boltedontits;2;u think its real?;1;i.redd.it;https://www.reddit.com/r/boltedontits/comments/1beobu4/u_think_its_real/;NSFW
False;thing_t3_1beo9tu;14.03.24;15:46;lingerie;6;help me get naked;2;i.redd.it;https://www.reddit.com/r/lingerie/comments/1beo9tu/help_me_get_naked/;NSFW
False;thing_t3_1beo9so;14.03.24;15:46;stripgirls;6;did my booty makes u feel horny?;1;i.redd.it;https://www.reddit.com/r/stripgirls/comments/1beo9so/did_my_booty_makes_u_feel_horny/;NSFW
False;thing_t3_1beo9jc;14.03.24;15:45;JizzedToThiss;1;cum on this bouncy booty;1;i.redd.it;https://www.reddit.com/r/JizzedToThiss/comments/1beo9jc/cum_on_this_bouncy_booty/;NSFW
False;thing_t3_1beo9c3;14.03.24;15:45;PetiteTits;0;help me make them big;1;i.redd.it;https://www.reddit.com/r/PetiteTits/comments/1beo9c3/help_me_make_them_big/;NSFW
False;thing_t3_1beo7kq;14.03.24;15:43;NSFWGirl;1;wanna see more of my ass?;1;i.redd.it;https://www.reddit.com/r/NSFWGirl/comments/1beo7kq/wanna_see_more_of_my_ass/;NSFW
False;thing_t3_1beo6nc;14.03.24;15:42;Nsfw_Amateurs;5;watch them bounce;2;i.redd.it;https://www.reddit.com/r/Nsfw_Amateurs/comments/1beo6nc/watch_them_bounce/;NSFW
False;thing_t3_1beo6fq;14.03.24;15:41;WhiteCheeks;6;feeling cheeky;1;i.redd.it;https://www.reddit.com/r/WhiteCheeks/comments/1beo6fq/feeling_cheeky/;NSFW
False;thing_t3_1beo6dm;14.03.24;15:41;GirlsGW;2;wanna bounce on top of u;1;i.redd.it;https://www.reddit.com/r/GirlsGW/comments/1beo6dm/wanna_bounce_on_top_of_u/;NSFW
False;thing_t3_1beo6bz;14.03.24;15:41;StreetsIsWatchin;2;flexing to see some changes;0;i.redd.it;https://www.reddit.com/r/StreetsIsWatchin/comments/1beo6bz/flexing_to_see_some_changes/;NSFW
False;thing_t3_1beo0q1;14.03.24;15:35;AmazingCurves;4;the snuggest girl;1;i.redd.it;https://www.reddit.com/r/AmazingCurves/comments/1beo0q1/the_snuggest_girl/;NSFW
False;thing_t3_1benwff;14.03.24;15:29;WhyEvenWearAnything;0;tiny enough to toss around;1;i.redd.it;https://www.reddit.com/r/WhyEvenWearAnything/comments/1benwff/tiny_enough_to_toss_around/;NSFW
False;thing_t3_1bejmhf;14.03.24;12:06;barelylegalteens;5;feeling shy;2;i.redd.it;https://www.reddit.com/r/barelylegalteens/comments/1bejmhf/feeling_shy/;NSFW
False;thing_t3_1bejmfm;14.03.24;12:06;Slut;3;guess my size and your mine;1;i.redd.it;https://www.reddit.com/r/Slut/comments/1bejmfm/guess_my_size_and_your_mine/;NSFW
False;thing_t3_1bejk2j;14.03.24;12:02;ThickThighs;6;eat me from behind;4;i.redd.it;https://www.reddit.com/r/ThickThighs/comments/1bejk2j/eat_me_from_behind/;NSFW
False;thing_t3_1bejj6g;14.03.24;12:01;naturaltitties;5;call me cinder she loves balls;1;i.redd.it;https://www.reddit.com/r/naturaltitties/comments/1bejj6g/call_me_cinder_she_loves_balls/;NSFW
False;thing_t3_1bejhao;14.03.24;11:58;bodyperfection;2;perfection;0;i.redd.it;https://www.reddit.com/r/bodyperfection/comments/1bejhao/perfection/;NSFW
False;thing_t3_1bejf9d;14.03.24;11:54;AdorableNudes;3;slaying the day;1;i.redd.it;https://www.reddit.com/r/AdorableNudes/comments/1bejf9d/slaying_the_day/;NSFW
False;thing_t3_1bejdis;14.03.24;11:52;PerfectBody;2;hope u find me attractive;1;i.redd.it;https://www.reddit.com/r/PerfectBody/comments/1bejdis/hope_u_find_me_attractive/;NSFW
False;thing_t3_1bejdia;14.03.24;11:51;BornToBeFucked;5;born to get laid;1;i.redd.it;https://www.reddit.com/r/BornToBeFucked/comments/1bejdia/born_to_get_laid/;NSFW
False;thing_t3_1bejdfq;14.03.24;11:51;lingerie;31;loving it;2;i.redd.it;https://www.reddit.com/r/lingerie/comments/1bejdfq/loving_it/;NSFW
False;thing_t3_1bejc1c;14.03.24;11:49;NSFWGirl;3;super extra thick;1;i.redd.it;https://www.reddit.com/r/NSFWGirl/comments/1bejc1c/super_extra_thick/;NSFW
False;thing_t3_1bejc06;14.03.24;11:49;WhiteCheeks;6;wanna go on top of you;3;i.redd.it;https://www.reddit.com/r/WhiteCheeks/comments/1bejc06/wanna_go_on_top_of_you/;NSFW
False;thing_t3_1bejbkt;14.03.24;11:48;Nsfw_Amateurs;10;first time posting here;2;i.redd.it;https://www.reddit.com/r/Nsfw_Amateurs/comments/1bejbkt/first_time_posting_here/;NSFW
False;thing_t3_1bejbjv;14.03.24;11:48;GirlsGW;5;need a face dip in ir;1;i.redd.it;https://www.reddit.com/r/GirlsGW/comments/1bejbjv/need_a_face_dip_in_ir/;NSFW
False;thing_t3_1bej857;14.03.24;11:43;The_Best_NSFW_GIFS;1;one of the best;0;i.redd.it;https://www.reddit.com/r/The_Best_NSFW_GIFS/comments/1bej857/one_of_the_best/;NSFW
False;thing_t3_1bej74y;14.03.24;11:41;hotclub;1;perfect for some suckinh;1;i.redd.it;https://www.reddit.com/r/hotclub/comments/1bej74y/perfect_for_some_suckinh/;NSFW
False;thing_t3_1bej6cp;14.03.24;11:40;thongs;7;flexin some muscles;1;i.redd.it;https://www.reddit.com/r/thongs/comments/1bej6cp/flexin_some_muscles/;NSFW
False;thing_t3_1bej6c2;14.03.24;11:40;ThickChixxx;2;never skip twerk day;0;i.redd.it;https://www.reddit.com/r/ThickChixxx/comments/1bej6c2/never_skip_twerk_day/;NSFW
False;thing_t3_1bej57s;14.03.24;11:38;bangmybully;3;that jello booty;2;i.redd.it;https://www.reddit.com/r/bangmybully/comments/1bej57s/that_jello_booty/;NSFW
False;thing_t3_1bej55g;14.03.24;11:38;sluts;2;Watch it clap;0;i.redd.it;https://www.reddit.com/r/sluts/comments/1bej55g/watch_it_clap/;NSFW
False;thing_t3_1bej4qg;14.03.24;11:37;HotStuffNSFW;3;Just amazing;1;i.redd.it;https://www.reddit.com/r/HotStuffNSFW/comments/1bej4qg/just_amazing/;NSFW
False;thing_t3_1bej48c;14.03.24;11:36;GonewildGBUK;6;sweetest girl;1;i.redd.it;https://www.reddit.com/r/GonewildGBUK/comments/1bej48c/sweetest_girl/;NSFW
False;thing_t3_1bej44q;14.03.24;11:36;gymgirls;48;my fav thong;4;i.redd.it;https://www.reddit.com/r/gymgirls/comments/1bej44q/my_fav_thong/;NSFW
False;thing_t3_1bej445;14.03.24;11:36;TotalBabes;1;i'll get your motor running;2;i.redd.it;https://www.reddit.com/r/TotalBabes/comments/1bej445/ill_get_your_motor_running/;NSFW
False;thing_t3_1bej43z;14.03.24;11:36;TotalBabes;1;i'll get your motor running;2;i.redd.it;https://www.reddit.com/r/TotalBabes/comments/1bej43z/ill_get_your_motor_running/;NSFW
False;thing_t3_1bej37l;14.03.24;11:34;collegensfw;6;this is my therapy;3;i.redd.it;https://www.reddit.com/r/collegensfw/comments/1bej37l/this_is_my_therapy/;NSFW
False;thing_t3_1bej367;14.03.24;11:34;PawgLove;3;bunnyakes;0;i.redd.it;https://www.reddit.com/r/PawgLove/comments/1bej367/bunnyakes/;NSFW
False;thing_t3_1bej35v;14.03.24;11:34;thiccerthanyouthought;8;curvy queen twerking;2;i.redd.it;https://www.reddit.com/r/thiccerthanyouthought/comments/1bej35v/curvy_queen_twerking/;NSFW
False;thing_t3_1bdy0n1;13.03.24;17:57;STAWG;9;tatted asses y or n?;1;i.redd.it;https://www.reddit.com/r/STAWG/comments/1bdy0n1/tatted_asses_y_or_n/;NSFW
False;thing_t3_1bdy0ko;13.03.24;17:57;JustHotWomen;6;warming my body up;2;i.redd.it;https://www.reddit.com/r/JustHotWomen/comments/1bdy0ko/warming_my_body_up/;NSFW
False;thing_t3_1bdy0h3;13.03.24;17:57;SlutSlutSlut;8;natural and 18 :p;2;i.redd.it;https://www.reddit.com/r/SlutSlutSlut/comments/1bdy0h3/natural_and_18_p/;NSFW
False;thing_t3_1bdy07r;13.03.24;17:57;PAWGtastic;1;u think you'll fit?;1;i.redd.it;https://www.reddit.com/r/PAWGtastic/comments/1bdy07r/u_think_youll_fit/;NSFW
False;thing_t3_1bdxxlm;13.03.24;17:54;FantasticBreasts;4;easing onto it;0;i.redd.it;https://www.reddit.com/r/FantasticBreasts/comments/1bdxxlm/easing_onto_it/;NSFW
False;thing_t3_1bdxull;13.03.24;17:50;BestTits;3;time to decide.. grab it;0;i.redd.it;https://www.reddit.com/r/BestTits/comments/1bdxull/time_to_decide_grab_it/;NSFW
False;thing_t3_1bdxtfq;13.03.24;17:49;TwerkQueens;14;huge ass twerk;1;i.redd.it;https://www.reddit.com/r/TwerkQueens/comments/1bdxtfq/huge_ass_twerk/;NSFW
False;thing_t3_1bdxt9e;13.03.24;17:49;hugeasses;30;flexin this booty;4;i.redd.it;https://www.reddit.com/r/hugeasses/comments/1bdxt9e/flexin_this_booty/;NSFW
False;thing_t3_1bdxt3z;13.03.24;17:49;LegalCollegeGirls;4;p.e class;1;i.redd.it;https://www.reddit.com/r/LegalCollegeGirls/comments/1bdxt3z/pe_class/;NSFW
False;thing_t3_1bdxqok;13.03.24;17:46;TheOnesYouLustOver;3;we eating or staying in;1;i.redd.it;https://www.reddit.com/r/TheOnesYouLustOver/comments/1bdxqok/we_eating_or_staying_in/;NSFW
False;thing_t3_1bdxqnl;13.03.24;17:46;NSFW_Hardbodies;2;pre-workout flex;0;i.redd.it;https://www.reddit.com/r/NSFW_Hardbodies/comments/1bdxqnl/preworkout_flex/;NSFW
False;thing_t3_1bdxqm7;13.03.24;17:46;Babygirl;3;hey its me your little girl;2;i.redd.it;https://www.reddit.com/r/Babygirl/comments/1bdxqm7/hey_its_me_your_little_girl/;NSFW
False;thing_t3_1bdxqb6;13.03.24;17:46;BigBootyPorn;13;blessed with big booty;0;i.redd.it;https://www.reddit.com/r/BigBootyPorn/comments/1bdxqb6/blessed_with_big_booty/;NSFW
False;thing_t3_1bdxpkk;13.03.24;17:45;Thighs;8;pretty damn big;0;i.redd.it;https://www.reddit.com/r/Thighs/comments/1bdxpkk/pretty_damn_big/;NSFW
False;thing_t3_1bdxn4h;13.03.24;17:42;full_nsfw;2;prettty damn perfect;1;i.redd.it;https://www.reddit.com/r/full_nsfw/comments/1bdxn4h/prettty_damn_perfect/;NSFW
False;thing_t3_1bdxmzl;13.03.24;17:42;WideHipsNSFW;3;what do you think of my hips? thicc enuf?;1;i.redd.it;https://www.reddit.com/r/WideHipsNSFW/comments/1bdxmzl/what_do_you_think_of_my_hips_thicc_enuf/;NSFW
False;thing_t3_1bdxlgc;13.03.24;17:41;PerfectTits;1;definition of perf boobies;1;i.redd.it;https://www.reddit.com/r/PerfectTits/comments/1bdxlgc/definition_of_perf_boobies/;NSFW
False;thing_t3_1bdxlfq;13.03.24;17:40;RateMyAss;7;pump it the booty;4;i.redd.it;https://www.reddit.com/r/RateMyAss/comments/1bdxlfq/pump_it_the_booty/;NSFW
False;thing_t3_1bdxk24;13.03.24;17:39;ThickchicksGW;2;adorable view;0;i.redd.it;https://www.reddit.com/r/ThickchicksGW/comments/1bdxk24/adorable_view/;NSFW
False;thing_t3_1bdxh6d;13.03.24;17:36;cutegirlsgw;1;does it look cute for ya;0;i.redd.it;https://www.reddit.com/r/cutegirlsgw/comments/1bdxh6d/does_it_look_cute_for_ya/;NSFW
False;thing_t3_1bdxh3a;13.03.24;17:36;HealthyPorn;10;waiting to be used;0;i.redd.it;https://www.reddit.com/r/HealthyPorn/comments/1bdxh3a/waiting_to_be_used/;NSFW
False;thing_t3_1bdxglo;13.03.24;17:35;RateMyAss_;6;flashing my cute ass;2;i.redd.it;https://www.reddit.com/r/RateMyAss_/comments/1bdxglo/flashing_my_cute_ass/;NSFW
False;thing_t3_1bdp0cy;13.03.24;11:20;OnlyNaturalBoobs;3;do you guys here even notice me?;1;i.redd.it;https://www.reddit.com/r/OnlyNaturalBoobs/comments/1bdp0cy/do_you_guys_here_even_notice_me/;NSFW
False;thing_t3_1bdozx3;13.03.24;11:19;GirlsShapedLikeMewtwo;8;Is this worth A+;0;i.redd.it;https://www.reddit.com/r/GirlsShapedLikeMewtwo/comments/1bdozx3/is_this_worth_a/;NSFW
False;thing_t3_1bdoybr;13.03.24;11:16;NSFWMassive;4;not safe for u;1;i.redd.it;https://www.reddit.com/r/NSFWMassive/comments/1bdoybr/not_safe_for_u/;NSFW
False;thing_t3_1bdoxe3;13.03.24;11:15;AssBootyButt;6;I grew them myself, like em;0;i.redd.it;https://www.reddit.com/r/AssBootyButt/comments/1bdoxe3/i_grew_them_myself_like_em/;NSFW
False;thing_t3_1bdowp3;13.03.24;11:14;FantasticTits;3;peak a boobie;0;i.redd.it;https://www.reddit.com/r/FantasticTits/comments/1bdowp3/peak_a_boobie/;NSFW
False;thing_t3_1bdovg8;13.03.24;11:12;TinyCuteTeen;7;my ass needs to be eaten on the first date;1;i.redd.it;https://www.reddit.com/r/TinyCuteTeen/comments/1bdovg8/my_ass_needs_to_be_eaten_on_the_first_date/;NSFW
False;thing_t3_1bdovdi;13.03.24;11:12;BeautifulBigButts;6;skip breaksfadt and eat my butt;0;i.redd.it;https://www.reddit.com/r/BeautifulBigButts/comments/1bdovdi/skip_breaksfadt_and_eat_my_butt/;NSFW
False;thing_t3_1bdovcq;13.03.24;11:12;AdorableBoobs;3;feeling adobs;0;i.redd.it;https://www.reddit.com/r/AdorableBoobs/comments/1bdovcq/feeling_adobs/;NSFW
False;thing_t3_1bdovbc;13.03.24;11:11;addicted_to_Ass;9;watch me twerk;1;i.redd.it;https://www.reddit.com/r/addicted_to_Ass/comments/1bdovbc/watch_me_twerk/;NSFW
False;thing_t3_1bdova7;13.03.24;11:11;Thick_Ladies;3;hungry;0;i.redd.it;https://www.reddit.com/r/Thick_Ladies/comments/1bdova7/hungry/;NSFW
False;thing_t3_1bdoiyx;13.03.24;10:51;PrettyWomen;2;ass getting fatter.. i love it!;0;i.redd.it;https://www.reddit.com/r/PrettyWomen/comments/1bdoiyx/ass_getting_fatter_i_love_it/;NSFW
False;thing_t3_1bdoieo;13.03.24;10:50;CamGirls_all;2;lick it;1;i.redd.it;https://www.reddit.com/r/CamGirls_all/comments/1bdoieo/lick_it/;NSFW
False;thing_t3_1bdohld;13.03.24;10:49;whitegirlbeauty;8;booty twerking;0;i.redd.it;https://www.reddit.com/r/whitegirlbeauty/comments/1bdohld/booty_twerking/;SFW
False;thing_t3_1bdoh7x;13.03.24;10:48;bootyqueens;11;it's getting huge;1;i.redd.it;https://www.reddit.com/r/bootyqueens/comments/1bdoh7x/its_getting_huge/;NSFW
False;thing_t3_1bdoh3t;13.03.24;10:48;boobs;2;after workout;0;i.redd.it;https://www.reddit.com/r/boobs/comments/1bdoh3t/after_workout/;NSFW
False;thing_t3_1bdog01;13.03.24;10:46;AllAmateurWomen;2;lemme be the milf u bust over;0;i.redd.it;https://www.reddit.com/r/AllAmateurWomen/comments/1bdog01/lemme_be_the_milf_u_bust_over/;NSFW
False;thing_t3_1bdofn4;13.03.24;10:45;ASSgazer;3;i need to take some dick this weekday;0;i.redd.it;https://www.reddit.com/r/ASSgazer/comments/1bdofn4/i_need_to_take_some_dick_this_weekday/;NSFW
False;thing_t3_1bdof11;13.03.24;10:44;NSFW_petite_babes;7;my ex thought i was too muscular :(;0;i.redd.it;https://www.reddit.com/r/NSFW_petite_babes/comments/1bdof11/my_ex_thought_i_was_too_muscular/;NSFW
False;thing_t3_1bdoem2;13.03.24;10:43;SmalGirlsbigasses;11;say one word about my booty;2;i.redd.it;https://www.reddit.com/r/SmalGirlsbigasses/comments/1bdoem2/say_one_word_about_my_booty/;NSFW
False;thing_t3_1bdodwf;13.03.24;10:42;Slut;31;could you creampie this multiple times;13;i.redd.it;https://www.reddit.com/r/Slut/comments/1bdodwf/could_you_creampie_this_multiple_times/;NSFW
False;thing_t3_1bd9c0z;12.03.24;21:35;boobs;10;What a boob;1;i.redd.it;https://www.reddit.com/r/boobs/comments/1bd9c0z/what_a_boob/;NSFW
False;thing_t3_1bd9bdy;12.03.24;21:34;Slut;13;I'm going crazyyy;1;i.redd.it;https://www.reddit.com/r/Slut/comments/1bd9bdy/im_going_crazyyy/;NSFW
False;thing_t3_1bd99rc;12.03.24;21:32;barelylegalteens;3;will you fit inside me;1;i.redd.it;https://www.reddit.com/r/barelylegalteens/comments/1bd99rc/will_you_fit_inside_me/;NSFW
False;thing_t3_1bd993v;12.03.24;21:32;DadWouldBeProud;3;what caught your eyes first;1;i.redd.it;https://www.reddit.com/r/DadWouldBeProud/comments/1bd993v/what_caught_your_eyes_first/;NSFW
False;thing_t3_1bd98aa;12.03.24;21:31;JizzedToThis;1;excuse me, can u rate me;3;i.redd.it;https://www.reddit.com/r/JizzedToThis/comments/1bd98aa/excuse_me_can_u_rate_me/;NSFW
False;thing_t3_1bd97ki;12.03.24;21:30;ThickThighs;1;yay or nay;1;i.redd.it;https://www.reddit.com/r/ThickThighs/comments/1bd97ki/yay_or_nay/;NSFW
False;thing_t3_1bd95ei;12.03.24;21:28;naturaltitties;3;natural is the best to squeeze;1;i.redd.it;https://www.reddit.com/r/naturaltitties/comments/1bd95ei/natural_is_the_best_to_squeeze/;NSFW
False;thing_t3_1bd90ti;12.03.24;21:23;Boobies;43;was it too revealing;0;i.redd.it;https://www.reddit.com/r/Boobies/comments/1bd90ti/was_it_too_revealing/;NSFW
False;thing_t3_1bd8y7a;12.03.24;21:20;AdorableNudes;4;slap slap cvm;1;i.redd.it;https://www.reddit.com/r/AdorableNudes/comments/1bd8y7a/slap_slap_cvm/;NSFW
False;thing_t3_1bd8wwi;12.03.24;21:19;Nipples;3;taking it to the next level;1;i.redd.it;https://www.reddit.com/r/Nipples/comments/1bd8wwi/taking_it_to_the_next_level/;NSFW
False;thing_t3_1bd8wrp;12.03.24;21:18;HomemadeNsfw;2;action for ya;2;i.redd.it;https://www.reddit.com/r/HomemadeNsfw/comments/1bd8wrp/action_for_ya/;NSFW
False;thing_t3_1bd8u7p;12.03.24;21:16;HungryButts;1;fantastic butt;1;i.redd.it;https://www.reddit.com/r/HungryButts/comments/1bd8u7p/fantastic_butt/;NSFW
False;thing_t3_1bd8u2s;12.03.24;21:15;PerfectBody;4;damn sexy body;1;i.redd.it;https://www.reddit.com/r/PerfectBody/comments/1bd8u2s/damn_sexy_body/;NSFW
False;thing_t3_1bd8q3b;12.03.24;21:11;BornToBeFucked;1;ready to be fvcked;0;i.redd.it;https://www.reddit.com/r/BornToBeFucked/comments/1bd8q3b/ready_to_be_fvcked/;NSFW
False;thing_t3_1bd8nv0;12.03.24;21:09;JizzedToThiss;3;jizzed on my boobies;1;i.redd.it;https://www.reddit.com/r/JizzedToThiss/comments/1bd8nv0/jizzed_on_my_boobies/;NSFW
False;thing_t3_1bd8mvl;12.03.24;21:08;Nsfw_Amateurs;2;lets play come here;1;i.redd.it;https://www.reddit.com/r/Nsfw_Amateurs/comments/1bd8mvl/lets_play_come_here/;NSFW
False;thing_t3_1bd8mqn;12.03.24;21:08;PetiteTits;2;hiding them;1;i.redd.it;https://www.reddit.com/r/PetiteTits/comments/1bd8mqn/hiding_them/;NSFW
False;thing_t3_1bd8mpt;12.03.24;21:08;WhiteCheeks;7;moment before i start bouncing on your d;1;i.redd.it;https://www.reddit.com/r/WhiteCheeks/comments/1bd8mpt/moment_before_i_start_bouncing_on_your_d/;NSFW
False;thing_t3_1bd8mlu;12.03.24;21:07;NSFWGirl;4;i hate hiding my boobs;1;i.redd.it;https://www.reddit.com/r/NSFWGirl/comments/1bd8mlu/i_hate_hiding_my_boobs/;NSFW
False;thing_t3_1bd8knl;12.03.24;21:05;GirlsGW;2;working them out;1;i.redd.it;https://www.reddit.com/r/GirlsGW/comments/1bd8knl/working_them_out/;NSFW
False;thing_t3_1bd8jai;12.03.24;21:04;StreetsIsWatchin;6;cant stop it;0;i.redd.it;https://www.reddit.com/r/StreetsIsWatchin/comments/1bd8jai/cant_stop_it/;NSFW
False;thing_t3_1bd8hbb;12.03.24;21:02;CamGirls;1;but(t) first;1;i.redd.it;https://www.reddit.com/r/CamGirls/comments/1bd8hbb/butt_first/;NSFW
False;thing_t3_1bd8fv1;12.03.24;21:00;AmazingCurves;2;hope your a booty guy;1;i.redd.it;https://www.reddit.com/r/AmazingCurves/comments/1bd8fv1/hope_your_a_booty_guy/;NSFW
False;thing_t3_1bd8eui;12.03.24;20:59;B_Cups;4;my boobs is perfect;1;i.redd.it;https://www.reddit.com/r/B_Cups/comments/1bd8eui/my_boobs_is_perfect/;NSFW
False;thing_t3_1bd8dla;12.03.24;20:58;TwentyPlus;2;hope u have a hornyday;1;i.redd.it;https://www.reddit.com/r/TwentyPlus/comments/1bd8dla/hope_u_have_a_hornyday/;NSFW
False;thing_t3_1bd8bb9;12.03.24;20:55;The_Best_NSFW_GIFS;1;Are they gorg;0;i.redd.it;https://www.reddit.com/r/The_Best_NSFW_GIFS/comments/1bd8bb9/are_they_gorg/;NSFW
False;thing_t3_1bd8afd;12.03.24;20:54;BabesNSFW;3;extra jiggle;1;i.redd.it;https://www.reddit.com/r/BabesNSFW/comments/1bd8afd/extra_jiggle/;NSFW
False;thing_t3_1bd89ju;12.03.24;20:53;hotclub;2;ruby;1;i.redd.it;https://www.reddit.com/r/hotclub/comments/1bd89ju/ruby/;NSFW
False;thing_t3_1bd87kw;12.03.24;20:51;TikThots;5;i need a blank to ride;1;i.redd.it;https://www.reddit.com/r/TikThots/comments/1bd87kw/i_need_a_blank_to_ride/;NSFW
False;thing_t3_1bd87gn;12.03.24;20:51;thongs;1;thong booty;1;i.redd.it;https://www.reddit.com/r/thongs/comments/1bd87gn/thong_booty/;NSFW
False;thing_t3_1bd86q2;12.03.24;20:50;ThickChixxx;4;perfect for grabbing;0;i.redd.it;https://www.reddit.com/r/ThickChixxx/comments/1bd86q2/perfect_for_grabbing/;NSFW
False;thing_t3_1bd84sg;12.03.24;20:48;sluts;4;feeling slutty rn;0;i.redd.it;https://www.reddit.com/r/sluts/comments/1bd84sg/feeling_slutty_rn/;NSFW
False;thing_t3_1bd84pp;12.03.24;20:48;HotStuffNSFW;3;sooo when u coming over;2;i.redd.it;https://www.reddit.com/r/HotStuffNSFW/comments/1bd84pp/sooo_when_u_coming_over/;NSFW
False;thing_t3_1bd84p9;12.03.24;20:48;HardcoreNSFW;10;can i sit on your lap;2;i.redd.it;https://www.reddit.com/r/HardcoreNSFW/comments/1bd84p9/can_i_sit_on_your_lap/;NSFW
False;thing_t3_1bd83l3;12.03.24;20:47;gymgirls;8;before working out;1;i.redd.it;https://www.reddit.com/r/gymgirls/comments/1bd83l3/before_working_out/;NSFW
False;thing_t3_1bd7z8w;12.03.24;20:42;TotalBabes;1;adopt me and my booty;1;i.redd.it;https://www.reddit.com/r/TotalBabes/comments/1bd7z8w/adopt_me_and_my_booty/;NSFW
False;thing_t3_1bd7yzq;12.03.24;20:41;collegensfw;1;getting ready for class;0;i.redd.it;https://www.reddit.com/r/collegensfw/comments/1bd7yzq/getting_ready_for_class/;NSFW
False;thing_t3_1bd7xxj;12.03.24;20:40;onlynudechicks;33;Im so tiny u like it;4;i.redd.it;https://www.reddit.com/r/onlynudechicks/comments/1bd7xxj/im_so_tiny_u_like_it/;NSFW
False;thing_t3_1bd7xam;12.03.24;20:40;PawgLove;1;Gas and ass;0;i.redd.it;https://www.reddit.com/r/PawgLove/comments/1bd7xam/gas_and_ass/;NSFW
False;thing_t3_1bd7xa9;12.03.24;20:40;PawgLove;1;Gas and ass;1;i.redd.it;https://www.reddit.com/r/PawgLove/comments/1bd7xa9/gas_and_ass/;NSFW
False;thing_t3_1bd7x9q;12.03.24;20:40;thiccerthanyouthought;41;thicc enough;2;i.redd.it;https://www.reddit.com/r/thiccerthanyouthought/comments/1bd7x9q/thicc_enough/;NSFW
False;thing_t3_1bd7w9f;12.03.24;20:39;datgap;7;curvy princess;1;i.redd.it;https://www.reddit.com/r/datgap/comments/1bd7w9f/curvy_princess/;NSFW
False;thing_t3_1bcdsqh;11.03.24;20:43;GirlsGW;3;she bad with fine ass;1;i.redd.it;https://www.reddit.com/r/GirlsGW/comments/1bcdsqh/she_bad_with_fine_ass/;NSFW
False;thing_t3_1bcdsp2;11.03.24;20:43;DadWouldBeProud;1;daddy u must be proud how big it become;1;i.redd.it;https://www.reddit.com/r/DadWouldBeProud/comments/1bcdsp2/daddy_u_must_be_proud_how_big_it_become/;NSFW
False;thing_t3_1bcdr6j;11.03.24;20:41;slutsofsnapchat;8;feeling slutty after shower;1;i.redd.it;https://www.reddit.com/r/slutsofsnapchat/comments/1bcdr6j/feeling_slutty_after_shower/;NSFW
False;thing_t3_1bcdqh6;11.03.24;20:41;YoungBabes;3;please eat my butt u wont regret it;1;i.redd.it;https://www.reddit.com/r/YoungBabes/comments/1bcdqh6/please_eat_my_butt_u_wont_regret_it/;NSFW
False;thing_t3_1bcdpld;11.03.24;20:40;SlutSlutSlut;7;did i make u hard?;4;i.redd.it;https://www.reddit.com/r/SlutSlutSlut/comments/1bcdpld/did_i_make_u_hard/;NSFW
False;thing_t3_1bcdo1b;11.03.24;20:38;sensualcurves;3;my perky butt;0;i.redd.it;https://www.reddit.com/r/sensualcurves/comments/1bcdo1b/my_perky_butt/;NSFW
False;thing_t3_1bcdnf6;11.03.24;20:37;2Booty;0;been working on it;4;i.redd.it;https://www.reddit.com/r/2Booty/comments/1bcdnf6/been_working_on_it/;NSFW
False;thing_t3_1bcdn8f;11.03.24;20:37;cutegirlsgw;1;eat it baby;0;i.redd.it;https://www.reddit.com/r/cutegirlsgw/comments/1bcdn8f/eat_it_baby/;NSFW
False;thing_t3_1bcdlfb;11.03.24;20:35;RateMyAss_;3;thicc mirror;3;i.redd.it;https://www.reddit.com/r/RateMyAss_/comments/1bcdlfb/thicc_mirror/;NSFW
False;thing_t3_1bcdjx3;11.03.24;20:33;Booty_Lovers;1;shawty is your booty;0;i.redd.it;https://www.reddit.com/r/Booty_Lovers/comments/1bcdjx3/shawty_is_your_booty/;NSFW
False;thing_t3_1bcdfh6;11.03.24;20:29;PAWGPornVids;17;"nice reflection ;p";0;i.redd.it;https://www.reddit.com/r/PAWGPornVids/comments/1bcdfh6/nice_reflection_p/;NSFW
False;thing_t3_1bcdfg9;11.03.24;20:29;QOS;1;jwu wanna grab it;0;i.redd.it;https://www.reddit.com/r/QOS/comments/1bcdfg9/jwu_wanna_grab_it/;NSFW
False;thing_t3_1bbfvvz;10.03.24;17:32;thongs;12;just a normal girl baby;1;i.redd.it;https://www.reddit.com/r/thongs/comments/1bbfvvz/just_a_normal_girl_baby/;NSFW
False;thing_t3_1bbfvp7;10.03.24;17:32;ThickChixxx;3;take me back or front??;0;i.redd.it;https://www.reddit.com/r/ThickChixxx/comments/1bbfvp7/take_me_back_or_front/;NSFW
False;thing_t3_1bbfv2l;10.03.24;17:31;bangmybully;3;is big the better??;2;i.redd.it;https://www.reddit.com/r/bangmybully/comments/1bbfv2l/is_big_the_better/;NSFW
False;thing_t3_1bbfszy;10.03.24;17:29;ThickchicksGW;3;working it out;0;i.redd.it;https://www.reddit.com/r/ThickchicksGW/comments/1bbfszy/working_it_out/;NSFW
False;thing_t3_1bbfrvn;10.03.24;17:28;NSFW_Hardbodies;1;can you rate how i bounce after workout;2;i.redd.it;https://www.reddit.com/r/NSFW_Hardbodies/comments/1bbfrvn/can_you_rate_how_i_bounce_after_workout/;NSFW
False;thing_t3_1bbfrr1;10.03.24;17:28;Babygirl;5;little baby eat me please;0;i.redd.it;https://www.reddit.com/r/Babygirl/comments/1bbfrr1/little_baby_eat_me_please/;NSFW
False;thing_t3_1bbfr1g;10.03.24;17:27;BigBootyPorn;12;big booty for ya;1;i.redd.it;https://www.reddit.com/r/BigBootyPorn/comments/1bbfr1g/big_booty_for_ya/;NSFW
False;thing_t3_1bbfq2n;10.03.24;17:26;CreampieMaterial;3;do i need to take it all off;1;i.redd.it;https://www.reddit.com/r/CreampieMaterial/comments/1bbfq2n/do_i_need_to_take_it_all_off/;NSFW
False;thing_t3_1bbfogy;10.03.24;17:24;WhiteAndThick;2;how long u gonna lasts?;1;i.redd.it;https://www.reddit.com/r/WhiteAndThick/comments/1bbfogy/how_long_u_gonna_lasts/;NSFW
False;thing_t3_1bbfo1z;10.03.24;17:23;full_nsfw;4;after shower;1;i.redd.it;https://www.reddit.com/r/full_nsfw/comments/1bbfo1z/after_shower/;NSFW
False;thing_t3_1bbfnlb;10.03.24;17:23;Thighs;7;cheers to sexiness;0;i.redd.it;https://www.reddit.com/r/Thighs/comments/1bbfnlb/cheers_to_sexiness/;NSFW
False;thing_t3_1bbflv9;10.03.24;17:21;BreedMeDaddy;2;be honest, its a 10;0;i.redd.it;https://www.reddit.com/r/BreedMeDaddy/comments/1bbflv9/be_honest_its_a_10/;NSFW
False;thing_t3_1bbflrm;10.03.24;17:21;WideHipsNSFW;5;big hips to sit on ya face;1;i.redd.it;https://www.reddit.com/r/WideHipsNSFW/comments/1bbflrm/big_hips_to_sit_on_ya_face/;NSFW
False;thing_t3_1bbfkvf;10.03.24;17:20;ExtraSmall;11;"almost perfect ;)";1;i.redd.it;https://www.reddit.com/r/ExtraSmall/comments/1bbfkvf/almost_perfect/;NSFW
False;thing_t3_1baf11k;09.03.24;10:46;xsmallgirls;2;I belong here;1;i.redd.it;https://www.reddit.com/r/xsmallgirls/comments/1baf11k/i_belong_here/;NSFW
False;thing_t3_1baf0pa;09.03.24;10:45;barelylegalteens;6;shaking orgasm;2;i.redd.it;https://www.reddit.com/r/barelylegalteens/comments/1baf0pa/shaking_orgasm/;NSFW
False;thing_t3_1baf05q;09.03.24;10:44;AsianHotties;10;the snuggest asian;1;i.redd.it;https://www.reddit.com/r/AsianHotties/comments/1baf05q/the_snuggest_asian/;NSFW
False;thing_t3_1baezqs;09.03.24;10:43;DadWouldBeProud;13;hey daddy u must be proud;3;i.redd.it;https://www.reddit.com/r/DadWouldBeProud/comments/1baezqs/hey_daddy_u_must_be_proud/;NSFW
False;thing_t3_1baeziv;09.03.24;10:43;PetiteTits;43;is this a fantasy;7;i.redd.it;https://www.reddit.com/r/PetiteTits/comments/1baeziv/is_this_a_fantasy/;NSFW
False;thing_t3_1baez9e;09.03.24;10:42;WhiteCheeks;7;look at that cheeks;1;i.redd.it;https://www.reddit.com/r/WhiteCheeks/comments/1baez9e/look_at_that_cheeks/;NSFW
False;thing_t3_1baeymc;09.03.24;10:41;GirlsGW;3;ready to squat on your face;2;i.redd.it;https://www.reddit.com/r/GirlsGW/comments/1baeymc/ready_to_squat_on_your_face/;NSFW
False;thing_t3_1baextr;09.03.24;10:40;CamGirls;3;would you undress me;1;i.redd.it;https://www.reddit.com/r/CamGirls/comments/1baextr/would_you_undress_me/;NSFW
False;thing_t3_1baewwb;09.03.24;10:38;AmazingCurves;3;too curvy or just fine;1;i.redd.it;https://www.reddit.com/r/AmazingCurves/comments/1baewwb/too_curvy_or_just_fine/;NSFW
False;thing_t3_1baewh4;09.03.24;10:37;B_Cups;1;can u help me check my size;1;i.redd.it;https://www.reddit.com/r/B_Cups/comments/1baewh4/can_u_help_me_check_my_size/;NSFW
False;thing_t3_1baewg4;09.03.24;10:37;WhyEvenWearAnything;3;are you into my booty?;1;i.redd.it;https://www.reddit.com/r/WhyEvenWearAnything/comments/1baewg4/are_you_into_my_booty/;NSFW
False;thing_t3_1baevzp;09.03.24;10:36;TwentyPlus;1;i'll finish you off;1;i.redd.it;https://www.reddit.com/r/TwentyPlus/comments/1baevzp/ill_finish_you_off/;NSFW
False;thing_t3_1b9v6gm;08.03.24;18:23;Booty_Lovers;2;booty action;1;i.redd.it;https://www.reddit.com/r/Booty_Lovers/comments/1b9v6gm/booty_action/;NSFW
False;thing_t3_1b9v0t5;08.03.24;18:17;AssBootyButt;1;Booty love;0;i.redd.it;https://www.reddit.com/r/AssBootyButt/comments/1b9v0t5/booty_love/;NSFW
False;thing_t3_1b9uzmg;08.03.24;18:15;collegesluts;1;imagine me bouncing on you;1;i.redd.it;https://www.reddit.com/r/collegesluts/comments/1b9uzmg/imagine_me_bouncing_on_you/;NSFW
False;thing_t3_1b9uz6y;08.03.24;18:15;reallygorgeous;4;What can u rate me;2;i.redd.it;https://www.reddit.com/r/reallygorgeous/comments/1b9uz6y/what_can_u_rate_me/;SFW
False;thing_t3_1b9usj1;08.03.24;18:08;BustyPetite;1;feeling hot i need you to warm me up;0;i.redd.it;https://www.reddit.com/r/BustyPetite/comments/1b9usj1/feeling_hot_i_need_you_to_warm_me_up/;NSFW
False;thing_t3_1b9upgq;08.03.24;18:04;boobs;4;My boobies need little massage, can u;0;i.redd.it;https://www.reddit.com/r/boobs/comments/1b9upgq/my_boobies_need_little_massage_can_u/;NSFW
False;thing_t3_1b9un60;08.03.24;18:02;Slut;3;Hey, u wanna play with my ass;3;i.redd.it;https://www.reddit.com/r/Slut/comments/1b9un60/hey_u_wanna_play_with_my_ass/;NSFW
False;thing_t3_1b9umef;08.03.24;18:01;tiktoknsfw;1;Can you guess what my booty feels like;1;i.redd.it;https://www.reddit.com/r/tiktoknsfw/comments/1b9umef/can_you_guess_what_my_booty_feels_like/;NSFW
False;thing_t3_1b9ukg6;08.03.24;17:59;BiggerThanYouThought;1;Flexing my booty;0;i.redd.it;https://www.reddit.com/r/BiggerThanYouThought/comments/1b9ukg6/flexing_my_booty/;NSFW
False;thing_t3_1b8te76;07.03.24;12:25;ThickChixxx;4;Cum shake it off;0;i.redd.it;https://www.reddit.com/r/ThickChixxx/comments/1b8te76/cum_shake_it_off/;NSFW
False;thing_t3_1b8tdmh;07.03.24;12:24;JizzedToThiss;5;I'm ready for you;1;i.redd.it;https://www.reddit.com/r/JizzedToThiss/comments/1b8tdmh/im_ready_for_you/;NSFW
False;thing_t3_1b8tdjc;07.03.24;12:24;TotalBabes;2;Do you like the view;1;i.redd.it;https://www.reddit.com/r/TotalBabes/comments/1b8tdjc/do_you_like_the_view/;NSFW
False;thing_t3_1b8tcpx;07.03.24;12:23;ratemyboobs;3;boobie or soles;1;i.redd.it;https://www.reddit.com/r/ratemyboobs/comments/1b8tcpx/boobie_or_soles/;NSFW
False;thing_t3_1b8tclf;07.03.24;12:23;boobs;2;help me remove it please;1;i.redd.it;https://www.reddit.com/r/boobs/comments/1b8tclf/help_me_remove_it_please/;NSFW
False;thing_t3_1b8tcjq;07.03.24;12:23;whitegirlbeauty;4;Wanna rub that booty;1;i.redd.it;https://www.reddit.com/r/whitegirlbeauty/comments/1b8tcjq/wanna_rub_that_booty/;SFW
False;thing_t3_1b8tahn;07.03.24;12:20;ASSgazer;2;flexin my booty;0;i.redd.it;https://www.reddit.com/r/ASSgazer/comments/1b8tahn/flexin_my_booty/;NSFW
False;thing_t3_1b8ta12;07.03.24;12:19;Babygirl;3;Let me be your babygirl;0;i.redd.it;https://www.reddit.com/r/Babygirl/comments/1b8ta12/let_me_be_your_babygirl/;NSFW
False;thing_t3_1b834bt;06.03.24;15:53;needyass;3;Booty looking for yaa;1;i.redd.it;https://www.reddit.com/r/needyass/comments/1b834bt/booty_looking_for_yaa/;NSFW
False;thing_t3_1b832gx;06.03.24;15:51;thatBounce;3;Bouncing that booty;0;i.redd.it;https://www.reddit.com/r/thatBounce/comments/1b832gx/bouncing_that_booty/;NSFW
False;thing_t3_1b8327y;06.03.24;15:51;Adorable_Girls;4;My cutie ass;0;i.redd.it;https://www.reddit.com/r/Adorable_Girls/comments/1b8327y/my_cutie_ass/;NSFW
False;thing_t3_1b82zen;06.03.24;15:48;STAWG;1;Watch the booty bounce;1;i.redd.it;https://www.reddit.com/r/STAWG/comments/1b82zen/watch_the_booty_bounce/;NSFW
False;thing_t3_1b78mwc;05.03.24;15:56;PerkyButts;1;Perky booty;0;i.redd.it;https://www.reddit.com/r/PerkyButts/comments/1b78mwc/perky_booty/;NSFW
False;thing_t3_1b78mds;05.03.24;15:56;AdorableBoobs;6;Massage it.;1;i.redd.it;https://www.reddit.com/r/AdorableBoobs/comments/1b78mds/massage_it/;NSFW
False;thing_t3_1b72mx0;05.03.24;11:03;AdorableNudes;5;Flexin some booty;1;i.redd.it;https://www.reddit.com/r/AdorableNudes/comments/1b72mx0/flexin_some_booty/;NSFW
